review,source,date
"This product is absolutely amazing! Best purchase I've ever made.",Amazon,2024-01-15
"Terrible quality, broke after 2 days. Complete waste of money.",Amazon,2024-01-16
"It's okay, nothing special but does the job.",Amazon,2024-01-17
"Loved it! Fast delivery and great packaging.",Amazon,2024-01-18
"Not what I expected. Poor customer service too.",Yelp,2024-01-19
"Fantastic experience! Will definitely buy again.",Yelp,2024-01-20
"Average product, average price. Nothing to complain about.",Yelp,2024-01-21
"Worst product ever. Do not buy this garbage.",Amazon,2024-01-22
"Pretty good for the price. Happy with my purchase.",Amazon,2024-01-23
"Exceeded my expectations! Highly recommend to everyone.",Yelp,2024-01-24
"Disappointed with the quality. Expected much better.",Amazon,2024-01-25
"Works perfectly fine. Simple and efficient.",Yelp,2024-01-26
"Outstanding product! Changed my life completely.",Amazon,2024-01-27
"Broken on arrival. Terrible packaging and support.",Yelp,2024-01-28
"Neutral experience. Product works as described.",Amazon,2024-01-29
"Love love love this! Amazing value for money.",Yelp,2024-02-01
"Horrible. Stopped working after one week.",Amazon,2024-02-02
"Decent product. Would recommend to friends.",Yelp,2024-02-03
"Excellent build quality and fast shipping!",Amazon,2024-02-04
"Not impressed. Overpriced for what you get.",Yelp,2024-02-05
